<!--
    Input:
        device/xiaomi/missi/device_framework_compatibility_matrix/mfidoca/vendor_framework_compatibility_matrix.xml
        device/xiaomi/missi/device_framework_compatibility_matrix/mlipay/vendor_framework_compatibility_matrix.xml
        device/xiaomi/missi/device_framework_compatibility_matrix/mtdservice/vendor_framework_compatibility_matrix.xml
        device/xiaomi/missi/device_framework_compatibility_matrix/tidaservice/vendor_framework_compatibility_matrix.xml
        device/xiaomi/missi/device_framework_compatibility_matrix/vsimapp/vendor_framework_compatibility_matrix.xml
        device/xiaomi/emerald/device_framework_compatibility_matrix/nxpnfc/vendor_framework_compatibility_matrix.xml
        device/xiaomi/emerald/device_framework_compatibility_matrix/nxpnfclegacy/vendor_framework_compatibility_matrix.xml
        device/xiaomi/emerald/device_framework_compatibility_matrix/hardware/vendor_framework_compatibility_matrix.xml
        device/xiaomi/missi/device_framework_compatibility_matrix/mrm/vendor_framework_compatibility_matrix.xml
        device/xiaomi/missi/device_framework_compatibility_matrix/mikeybag/vendor_framework_compatibility_matrix.xml
-->
<compatibility-matrix version="8.0" type="framework">
    <hal format="hidl" optional="true">
        <name>vendor.nxp.nxpnfc</name>
        <version>2.0</version>
        <interface>
            <name>INxpNfc</name>
            <instance>default</instance>
        </interface>
    </hal>
    <hal format="hidl" optional="true">
        <name>vendor.nxp.nxpnfclegacy</name>
        <version>1.0</version>
        <interface>
            <name>INxpNfcLegacy</name>
            <instance>default</instance>
        </interface>
    </hal>
    <hal format="hidl" optional="true">
        <name>vendor.xiaomi.hardware.mfidoca</name>
        <version>1.0</version>
        <interface>
            <name>IFidoService</name>
            <instance>default</instance>
        </interface>
    </hal>
    <hal format="aidl" optional="true">
        <name>vendor.xiaomi.hardware.mikeybag</name>
        <interface>
            <name>IMiKeyBagService</name>
            <instance>default</instance>
        </interface>
    </hal>
    <hal format="hidl" optional="true">
        <name>vendor.xiaomi.hardware.mlipay</name>
        <version>1.0-1</version>
        <interface>
            <name>IMlipayService</name>
            <instance>default</instance>
        </interface>
    </hal>
    <hal format="aidl" optional="true">
        <name>vendor.xiaomi.hardware.mrm</name>
        <interface>
            <name>IMrm</name>
            <instance>default</instance>
        </interface>
    </hal>
    <hal format="aidl" optional="true">
        <name>vendor.xiaomi.hardware.mrm</name>
        <interface>
            <name>IMiCertificate</name>
            <instance>default</instance>
        </interface>
    </hal>
    <hal format="aidl" optional="true">
        <name>vendor.xiaomi.hardware.mrm</name>
        <interface>
            <name>IMrmRemoteAuth</name>
            <instance>default</instance>
        </interface>
    </hal>
    <hal format="hidl" optional="true">
        <name>vendor.xiaomi.hardware.mtdservice</name>
        <version>1.0-3</version>
        <interface>
            <name>IMTService</name>
            <instance>default</instance>
        </interface>
    </hal>
    <hal format="hidl" optional="true">
        <name>vendor.xiaomi.hardware.soterservice</name>
        <version>1.0</version>
        <interface>
            <name>ISoter</name>
            <instance>default</instance>
        </interface>
    </hal>
    <hal format="hidl" optional="true">
        <name>vendor.xiaomi.hardware.tidaservice</name>
        <version>1.0-2</version>
        <interface>
            <name>ITidaService</name>
            <instance>default</instance>
        </interface>
    </hal>
    <hal format="hidl" optional="true">
        <name>vendor.xiaomi.hardware.vsimapp</name>
        <version>1.0</version>
        <interface>
            <name>IVSIMService</name>
            <instance>default</instance>
        </interface>
    </hal>
</compatibility-matrix>
